avg_predicted_draw_probability,actual_draw_rate,draw_brier_component
0.20446805149092825,0.23278029160382102,0.1760211508638706
