pick_probability_bin,n_matches,avg_pick_probability,actual_pick_success_rate
0.35-0.45,2,0.37231178781900987,0.5
0.45-0.55,2,0.512752712112613,0.5
0.55-0.65,2,0.6336324758068388,0.5
0.65-0.75,4,0.696801395766184,1.0
0.75-0.85,3,0.7847780208198886,0.3333333333333333
0.85-1.00,0,,
