pick_probability_bin,n_matches,avg_pick_probability,actual_pick_success_rate
0.35-0.45,2,0.37231178781900987,0.5
0.45-0.55,6,0.5062315422569783,0.5
0.55-0.65,4,0.6301094722500264,0.75
0.65-0.75,7,0.6905973297127426,1.0
0.75-0.85,3,0.7847780208198886,0.3333333333333333
0.85-1.00,1,0.8904218706542699,1.0
